Source URL,Target URL,Status
https://nexusmortgage.sg/blog/blog-best-home-loan-first-time-buyer.html,https://nexusmortgage.sg/blog/best-home-loan-first-time-buyer/,301
https://nexusmortgage.sg/blog/blog-cpf-oa-hdb-guide.html,https://nexusmortgage.sg/blog/cpf-oa-hdb-guide/,301
https://nexusmortgage.sg/blog/blog-decoupling-private-property-singapore.html,https://nexusmortgage.sg/blog/decoupling-private-property-singapore/,301
https://nexusmortgage.sg/blog/blog-ec-mop-2026-changes.html,https://nexusmortgage.sg/blog/ec-mop-2026-changes/,301
https://nexusmortgage.sg/blog/blog-first-time-hdb-buyer-guide.html,https://nexusmortgage.sg/blog/first-time-hdb-buyer-guide/,301
https://nexusmortgage.sg/blog/blog-hdb-resale-q1-2026-mortgage.html,https://nexusmortgage.sg/blog/hdb-resale-q1-2026-mortgage/,301
https://nexusmortgage.sg/blog/blog-hdb-vs-bank-loan.html,https://nexusmortgage.sg/blog/hdb-vs-bank-loan/,301
https://nexusmortgage.sg/blog/blog-home-loan-rates-singapore.html,https://nexusmortgage.sg/blog/home-loan-rates-singapore/,301
https://nexusmortgage.sg/blog/blog-ipa-mortgage-broker-singapore.html,https://nexusmortgage.sg/blog/ipa-mortgage-broker-singapore/,301
https://nexusmortgage.sg/blog/blog-mas-stress-test-2026.html,https://nexusmortgage.sg/blog/mas-stress-test-2026/,301
https://nexusmortgage.sg/blog/blog-self-employed-tdsr-singapore.html,https://nexusmortgage.sg/blog/self-employed-tdsr-singapore/,301
https://nexusmortgage.sg/blog/blog-tdsr-msr-explained.html,https://nexusmortgage.sg/blog/tdsr-msr-explained/,301
https://nexusmortgage.sg/blog/blog-when-to-refinance-singapore.html,https://nexusmortgage.sg/blog/when-to-refinance-singapore/,301
